{
  "accuracy": 0.95,
  "f1": 0.9620582522075366,
  "precision": 0.9750837031841542,
  "recall": 0.9933587516082373,
  "loss": 0.22500000000000003
}