{
  "accuracy": 0.7953994418022594,
  "f1": 0.7789141689759387,
  "precision": 0.7906529027106098,
  "recall": 0.8166005694643663,
  "loss": 0.3023002790988703
}